run_id,seed,config_hash,algorithm,iteration,mg,phase,episode_reward,discounted_return,cg_cost,ba_cost,imbalance_cost,abs_deficit,environment_steps,actor_loss,kl,actor_updates,trpo_accepted,actor_grad_norm,critic_loss,critic_grad_norm,critic_updates,actor_delta,critic_delta
inferred_20260921_smoke,0,9f0db537c855a0c52436389c0b307e5af5ebee783fd7ec0c82fabe08cb132a4c,PPO-MADRL,1,1,1,-30593.648432351245,-26636.884051811765,17861.18856983824,16187.196777099325,66472.62383424999,5403.206196007728,24,-0.002827391028404236,5.375068212742917e-05,4,0,1.1252467632293701,1542320.375,6200196.0,4,0.02621409296989441,0.2708066403865814
inferred_20260921_smoke,0,9f0db537c855a0c52436389c0b307e5af5ebee783fd7ec0c82fabe08cb132a4c,PPO-MADRL,1,2,1,-8533.644541237487,-7547.302137173667,29129.593136879663,21814.57380435792,16699.469338694966,1370.6147096213558,24,-0.0010511229047551751,1.9137622075504623e-05,4,0,0.5482580661773682,70072.7734375,792681.1875,4,0.026698468253016472,0.2640545666217804
inferred_20260921_smoke,0,9f0db537c855a0c52436389c0b307e5af5ebee783fd7ec0c82fabe08cb132a4c,PPO-MADRL,1,3,1,-7625.019790821091,-6735.77318595268,21643.59152211251,16709.36978442331,15239.912365978613,1247.5863601212154,24,-0.003845329163596034,4.7109497245401144e-05,4,0,1.6165554523468018,54187.609375,459086.625,4,0.02641514502465725,0.26680120825767517
inferred_20260921_smoke,0,9f0db537c855a0c52436389c0b307e5af5ebee783fd7ec0c82fabe08cb132a4c,PPO-MADRL,2,1,1,-33354.42216530934,-29015.33302507248,14237.809115058124,22821.07911677783,72473.87644593915,5920.62237369938,48,-0.0001159807070507668,7.858591743570287e-06,4,0,0.38346922397613525,1922014.625,6921754.5,4,0.017689408734440804,0.26417550444602966
inferred_20260921_smoke,0,9f0db537c855a0c52436389c0b307e5af5ebee783fd7ec0c82fabe08cb132a4c,PPO-MADRL,2,2,1,-9120.279520990975,-8013.4820416159255,33061.83718775246,17949.26132932716,18000.12789033196,1394.350502603262,48,-0.0012647509574890137,2.8969350751140155e-05,4,0,0.5761734247207642,85066.5859375,842268.9375,4,0.023598330095410347,0.25711846351623535
inferred_20260921_smoke,0,9f0db537c855a0c52436389c0b307e5af5ebee783fd7ec0c82fabe08cb132a4c,PPO-MADRL,2,3,1,-9067.209536703918,-8022.735013439967,19437.225781281304,17307.942640930396,18516.23592946597,1577.6059057364519,48,-0.0013178387889638543,3.756120349862613e-05,4,0,0.9653656482696533,83502.234375,666278.0,4,0.02137906849384308,0.2599177360534668
inferred_20260921_smoke,0,9f0db537c855a0c52436389c0b307e5af5ebee783fd7ec0c82fabe08cb132a4c,PPO-MADRL,3,1,1,-32540.02402254767,-28374.37699246815,15227.22644452175,18789.498325064687,70799.31006034653,5781.034366186394,72,-0.0018697628984227777,9.404529009771068e-06,4,0,2.3145134449005127,1756883.125,6879861.5,4,0.016292888671159744,0.2631700336933136
inferred_20260921_smoke,0,9f0db537c855a0c52436389c0b307e5af5ebee783fd7ec0c82fabe08cb132a4c,PPO-MADRL,3,2,1,-12081.713893953263,-10667.394840538978,35547.63020738409,19212.88975065554,24414.452210649935,1755.9792233656894,72,-0.002124900696799159,3.164917143294588e-05,4,0,1.182582139968872,365017.59375,1575280.875,4,0.021654734387993813,0.2584288716316223
inferred_20260921_smoke,0,9f0db537c855a0c52436389c0b307e5af5ebee783fd7ec0c82fabe08cb132a4c,PPO-MADRL,3,3,1,-6169.497654543066,-5414.723944215566,17302.25936357641,8948.711086293235,12543.284990101496,1038.257939983971,72,-0.0016538897762075067,3.2917887438088655e-05,4,0,1.1720752716064453,111374.8046875,385377.75,4,0.01780676655471325,0.2294776439666748
inferred_20260921_smoke,0,9f0db537c855a0c52436389c0b307e5af5ebee783fd7ec0c82fabe08cb132a4c,PPO-MADRL,4,1,1,-30650.579167261298,-26634.575699096684,17455.117733926814,9528.444543589525,66913.12871491327,5548.61144696523,96,-0.00021610657859127969,3.3672233712422894e-06,4,0,1.0784728527069092,1536883.5,6692379.0,4,0.011259320192039013,0.259418785572052
inferred_20260921_smoke,0,9f0db537c855a0c52436389c0b307e5af5ebee783fd7ec0c82fabe08cb132a4c,PPO-MADRL,4,2,1,-10553.299555946402,-9406.737070853937,31447.41740573301,17129.193662486185,21292.816299071146,1596.0107856301515,96,-0.0002731482090894133,1.7468828445998952e-05,4,0,0.578932523727417,269966.9375,980339.25,4,0.017847631126642227,0.2559715509414673
inferred_20260921_smoke,0,9f0db537c855a0c52436389c0b307e5af5ebee783fd7ec0c82fabe08cb132a4c,PPO-MADRL,4,3,1,-6888.46031382081,-6095.370607783061,20316.104392585767,17697.124260339413,13618.21275724957,1116.0922537874933,96,-0.0015350977191701531,2.480449438735377e-05,4,0,1.063284993171692,96171.5,290483.59375,4,0.017819952219724655,0.19620069861412048
inferred_20260921_smoke,0,9f0db537c855a0c52436389c0b307e5af5ebee783fd7ec0c82fabe08cb132a4c,PPO-MADRL,5,1,1,-30868.611502437358,-26901.8696847732,18216.230433160214,10262.249576750288,67331.20422719809,5393.777688471622,120,-0.0006242841482162476,1.789303496479988e-06,4,0,1.7831135988235474,1474246.375,6930992.0,4,0.009834947064518929,0.25706616044044495
inferred_20260921_smoke,0,9f0db537c855a0c52436389c0b307e5af5ebee783fd7ec0c82fabe08cb132a4c,PPO-MADRL,5,2,1,-8707.627509019805,-7705.208775834649,30817.666602998925,8762.591223022282,17591.160783331954,1519.067640112488,120,0.00048795342445373535,3.4063609177792387e-07,4,0,1.4376094341278076,111266.4140625,132787.15625,4,0.010879156179726124,0.24083752930164337
inferred_20260921_smoke,0,9f0db537c855a0c52436389c0b307e5af5ebee783fd7ec0c82fabe08cb132a4c,PPO-MADRL,5,3,1,-6169.5960140264715,-5450.184791259237,19260.082024114825,11292.991188293385,12352.298999507348,1036.585856512911,120,4.667043685913086e-05,1.3249799849290866e-05,4,0,0.48854419589042664,153861.671875,346822.3125,4,0.013643261045217514,0.196772038936615
inferred_20260921_smoke,0,9f0db537c855a0c52436389c0b307e5af5ebee783fd7ec0c82fabe08cb132a4c,PPO-MADRL,6,1,1,-30417.13487058817,-26489.867799108095,18404.35821905209,11924.496931076292,66245.683927968,5429.106601187055,144,-0.0009779632091522217,1.1859375263156835e-05,4,0,1.214534044265747,1665196.0,6832806.5,4,0.01163437683135271,0.2553829252719879
inferred_20260921_smoke,0,9f0db537c855a0c52436389c0b307e5af5ebee783fd7ec0c82fabe08cb132a4c,PPO-MADRL,6,2,1,-9689.891088963477,-8683.705409796135,30669.786235482068,15846.038695603216,19465.721311870606,1597.5065313200573,144,-0.0009114394779317081,6.460051281464985e-06,4,0,1.2807999849319458,372587.75,483067.25,4,0.009912055917084217,0.22562198340892792
inferred_20260921_smoke,0,9f0db537c855a0c52436389c0b307e5af5ebee783fd7ec0c82fabe08cb132a4c,PPO-MADRL,6,3,1,-6592.054885829544,-5798.007609123795,21465.753480266772,18794.06219255519,12859.685716384678,1143.5147647290946,144,3.3468008041381836e-05,6.249077273423609e-07,4,0,1.5159672498703003,233787.453125,316298.3125,4,0.01010719034820795,0.17887766659259796
inferred_20260921_smoke,0,9f0db537c855a0c52436389c0b307e5af5ebee783fd7ec0c82fabe08cb132a4c,PPO-MADRL,7,1,1,-29132.951201943873,-25365.43530969163,20504.698925294033,11756.389145033194,63306.06542341628,5136.088062381894,168,-0.00013521313667297363,9.006427717395127e-06,4,0,2.8242409229278564,1553055.625,6539082.0,4,0.009429668076336384,0.25433096289634705
inferred_20260921_smoke,0,9f0db537c855a0c52436389c0b307e5af5ebee783fd7ec0c82fabe08cb132a4c,PPO-MADRL,7,2,1,-11154.52889000854,-9754.065167980627,33546.30951189218,14691.716343404047,22643.92971756137,1611.693997216335,168,-0.00011525055015226826,2.9811733384121908e-06,4,0,0.7194982767105103,411394.0,855251.375,4,0.009519629180431366,0.22172728180885315
inferred_20260921_smoke,0,9f0db537c855a0c52436389c0b307e5af5ebee783fd7ec0c82fabe08cb132a4c,PPO-MADRL,7,3,1,-8338.47086913348,-7431.562350042305,17928.074967382545,13993.844855777252,17111.183272600632,1433.0200669693957,168,-0.0001525282859802246,6.211109280229721e-07,4,0,0.8970358371734619,203938.703125,569597.9375,4,0.00809596199542284,0.17953334748744965
inferred_20260921_smoke,0,9f0db537c855a0c52436389c0b307e5af5ebee783fd7ec0c82fabe08cb132a4c,PPO-MADRL,8,1,1,-28993.98483106981,-25239.955371395678,19851.73341009017,10632.424275472064,63076.22594968569,5197.985739074633,192,-0.0005610187654383481,7.380605438811472e-06,4,0,0.9698924422264099,1245186.0,6668065.5,4,0.009627674706280231,0.2532881498336792
inferred_20260921_smoke,0,9f0db537c855a0c52436389c0b307e5af5ebee783fd7ec0c82fabe08cb132a4c,PPO-MADRL,8,2,1,-9494.516955732703,-8494.089056514995,33344.550766485525,13539.963580546806,19015.170375093454,1566.4844053222182,192,-0.0006991078262217343,2.714975153139676e-06,4,0,2.0293900966644287,572287.1875,655768.3125,4,0.009164504706859589,0.2181922197341919
inferred_20260921_smoke,0,9f0db537c855a0c52436389c0b307e5af5ebee783fd7ec0c82fabe08cb132a4c,PPO-MADRL,8,3,1,-9043.502228081608,-7996.796326798778,17312.98185155445,21417.262406169757,18375.327428726945,1465.8386683917115,192,-0.0005382249946705997,3.4041720482491655e-06,4,0,1.2233757972717285,246914.328125,389464.21875,4,0.009090976789593697,0.1947752982378006
